Jeff Doe;2021-10-20;8
John Doe;2021-10-19;5
Debian Doe;2021-10-19;5
Intel Doe;2021-10-20;8
Amd Doe;2021-10-20;4
Tom Doe;2021-10-19;5
Mab Doe;2021-10-20;8
Andre Doe;2021-10-20;4
Nox Doe;2021-10-19;5
Action Doe;2021-10-20;8
Tae Doe;2021-10-20;4
Dark Doe;2021-10-20;4
Eliot Doe;2021-10-19;5
Apple Doe;2021-10-19;5
Tyler Doe;2021-10-20;8
Mac Doe;2021-10-20;8
Win Doe;2021-10-20;7
Max Doe;2021-10-20;4
Android Doe;2021-10-20;4
Danie Doe;2021-10-19;2
Arch Doe;2021-10-19;2
File Doe;2021-10-20;1
Bubuntu Doe;2021-10-20;1
End Doe;2021-10-20;7
